student_id,age,gender,department,enrollment_year,cumulative_gpa,is_active,is_dropout,attendance_rate,total_classes,avg_grade,total_courses,grade_std,avg_lms_time,avg_logins,avg_assignments,avg_forum_posts,dept_encoded
STU0001,22,M,Computer Science,2021,2.11,1,0,0.7906976744186046,43,2.0072222222222225,18,0.3963332756146992,152.8,5.15,1.75,1.35,1
STU0002,27,M,Computer Science,2021,2.55,1,0,0.6976744186046512,43,2.46,19,0.4160929383362968,205.9,6.95,2.75,1.1,1
STU0003,21,M,Computer Science,2022,2.76,1,0,0.7441860465116279,43,2.843684210526316,19,0.4775773413375725,214.7,7.4,2.95,2.7,1
STU0004,28,F,Engineering,2022,3.25,1,0,0.8604651162790697,43,3.1325,16,0.36273957600460416,248.55,9.25,4.0,2.5,2
STU0005,27,M,Mathematics,2024,2.2,1,0,0.7441860465116279,43,2.0985714285714288,21,0.44842263228215534,173.25,5.6,1.8,1.75,3
STU0006,23,M,Mathematics,2024,2.19,1,0,0.6511627906976745,43,2.116470588235294,17,0.43598940893774285,163.85,5.2,2.25,1.65,3
STU0007,19,F,Physics,2021,2.45,1,0,0.7441860465116279,43,2.4305882352941177,17,0.5514919603701773,183.45,6.85,2.9,0.8,4
STU0008,18,M,Physics,2023,3.32,1,0,0.8837209302325582,43,3.200625,16,0.4703115102425909,248.5,9.0,4.0,2.45,4
STU0009,26,F,Business,2021,2.23,1,0,0.7674418604651163,43,1.9821052631578946,19,0.5167159003141154,153.35,6.2,2.1,1.7,0
STU0010,19,F,Engineering,2022,1.61,0,1,0.5581395348837209,43,1.452777777777778,18,0.5067172962319854,118.9,4.1,2.0,1.6,2
STU0011,19,F,Computer Science,2022,2.45,1,0,0.6744186046511628,43,2.639411764705882,17,0.4885497746933686,183.7,6.6,2.95,1.3,1
STU0012,23,F,Physics,2022,2.39,1,0,0.6744186046511628,43,2.4417647058823526,17,0.3974014861276573,170.7,6.85,2.1,1.5,4
STU0013,26,M,Computer Science,2022,3.32,1,0,0.7209302325581395,43,3.283125,16,0.5058948342623528,260.25,9.15,4.3,2.7,1
STU0014,22,M,Business,2024,3.97,1,0,0.9069767441860465,43,3.708235294117647,17,0.32029742611590023,301.8,10.8,3.75,2.65,0
STU0015,21,F,Physics,2021,3.55,1,0,0.9302325581395349,43,3.56,15,0.4054803148295682,274.45,9.9,4.0,2.85,4
STU0016,19,F,Business,2023,2.03,1,0,0.7674418604651163,43,1.9676190476190476,21,0.38111553054034353,140.2,6.25,2.2,1.45,0
STU0017,24,F,Mathematics,2024,3.71,1,0,0.9069767441860465,43,3.6199999999999997,18,0.2571792691306751,276.1,10.8,3.95,3.05,3
STU0018,20,F,Mathematics,2023,2.12,1,0,0.6511627906976745,43,2.0358823529411763,17,0.4052631679466043,157.25,5.9,2.15,1.45,3
STU0019,27,M,Engineering,2024,2.5,1,0,0.7209302325581395,43,2.51875,16,0.45751320563819065,180.75,6.35,2.8,1.3,2
STU0020,19,M,Mathematics,2024,3.39,1,0,0.8837209302325582,43,3.3979999999999997,20,0.4946301116677199,250.5,9.55,4.0,2.95,3
STU0021,28,M,Mathematics,2022,2.56,1,0,0.8372093023255814,43,2.5644444444444443,18,0.4432397070530761,208.2,7.4,2.95,1.3,3
STU0022,27,F,Business,2024,3.99,1,0,0.9302325581395349,43,3.8129166666666667,24,0.27025719097808,308.1,10.3,4.35,2.7,0
STU0023,28,F,Engineering,2021,3.3,1,0,0.9069767441860465,43,3.266428571428571,14,0.522679592144132,254.5,9.4,3.9,2.6,2
STU0024,22,F,Physics,2021,2.59,1,0,0.6046511627906976,43,2.5358823529411763,17,0.4491110500690421,188.95,6.5,2.9,1.8,4
STU0025,26,M,Computer Science,2023,3.4,1,0,0.813953488372093,43,3.444761904761905,21,0.47282786558766865,256.95,9.7,4.15,3.05,1
STU0026,20,M,Physics,2022,2.43,1,0,0.6744186046511628,43,2.392352941176471,17,0.5196095819430766,176.6,7.3,3.1,1.55,4
STU0027,27,M,Engineering,2021,2.31,1,0,0.6511627906976745,43,2.4352941176470586,17,0.42373514202652024,176.3,6.15,2.1,1.5,2
STU0028,22,M,Computer Science,2023,2.1,1,0,0.6744186046511628,43,2.0033333333333334,18,0.5344375823347052,167.0,6.0,2.15,1.6,1
STU0029,19,M,Engineering,2021,3.33,1,0,0.7906976744186046,43,3.349285714285714,14,0.5652564331034501,244.05,9.25,4.0,2.7,2
STU0030,20,M,Engineering,2022,3.15,1,0,0.9302325581395349,43,3.1666666666666665,18,0.387267957089449,233.9,9.5,2.95,2.8,2
STU0031,21,M,Physics,2024,3.82,1,0,0.9302325581395349,43,3.7746153846153847,13,0.3702840212732064,294.15,10.9,4.15,2.55,4
STU0032,28,F,Physics,2024,3.12,1,0,0.7209302325581395,43,3.234375,16,0.41564357727905926,233.15,8.5,3.2,2.25,4
STU0033,19,M,Engineering,2024,2.12,1,0,0.7906976744186046,43,2.096875,16,0.45742349087033124,162.6,6.35,1.85,1.65,2
STU0034,27,M,Physics,2021,2.88,1,0,0.7441860465116279,43,2.815294117647059,17,0.3645393951114685,214.9,8.6,3.05,2.25,4
STU0035,28,M,Computer Science,2021,1.65,0,1,0.6744186046511628,43,1.673157894736842,19,0.4333468283998517,131.8,4.05,2.35,1.0,1
STU0036,26,F,Physics,2021,2.1,1,0,0.7441860465116279,43,1.9483333333333333,18,0.4646219209333161,159.85,5.75,2.05,1.65,4
STU0037,27,M,Mathematics,2022,2.94,1,0,0.813953488372093,43,2.864117647058823,17,0.507974640404536,215.65,7.95,3.1,2.55,3
STU0038,21,F,Business,2024,1.74,1,0,0.7441860465116279,43,1.674705882352941,17,0.47839729366734013,127.6,4.25,1.75,1.85,0
STU0039,25,M,Business,2024,3.66,1,0,0.7906976744186046,43,3.4125,20,0.36930767375555146,271.25,9.65,3.7,2.4,0
STU0040,24,M,Computer Science,2021,3.32,1,0,0.8372093023255814,43,3.3866666666666667,21,0.46511647286817664,244.95,9.2,3.55,2.95,1
STU0041,21,M,Mathematics,2022,2.84,1,0,0.813953488372093,43,2.6425,16,0.4812275968811432,207.95,8.3,3.0,2.25,3
STU0042,22,M,Business,2022,2.66,1,0,0.7906976744186046,43,2.4966666666666666,21,0.47909637165536256,191.7,6.1,2.9,1.7,0
STU0043,18,M,Business,2021,3.13,1,0,0.8604651162790697,43,3.088,15,0.5648539634277164,235.3,8.2,2.85,2.5,0
STU0044,20,F,Computer Science,2022,2.52,1,0,0.6744186046511628,43,2.6523529411764706,17,0.5109492319664046,185.9,6.45,3.1,1.65,1
STU0045,18,F,Mathematics,2024,1.91,0,1,0.7209302325581395,43,1.9855555555555557,18,0.4648240935111871,151.55,5.0,1.9,1.85,3
STU0046,22,F,Physics,2024,2.56,1,0,0.7674418604651163,43,2.598125,16,0.34583654616981513,184.65,6.7,3.25,1.65,4
STU0047,22,M,Mathematics,2022,2.04,1,0,0.6744186046511628,43,1.9022222222222223,18,0.5508662222093871,141.85,5.75,2.15,1.2,3
STU0048,23,M,Engineering,2021,1.64,0,1,0.7209302325581395,43,1.508125,16,0.3685687407617019,122.0,3.7,1.9,1.4,2
STU0049,20,M,Computer Science,2021,1.67,0,1,0.6046511627906976,43,1.7909523809523809,21,0.4782980740281604,112.15,4.25,2.2,1.7,1
STU0050,27,M,Business,2021,2.12,1,0,0.6511627906976745,43,2.1285714285714286,14,0.36397077530308025,154.3,4.85,2.1,1.35,0
STU0051,24,F,Engineering,2021,3.14,1,0,0.813953488372093,43,3.065625,16,0.4557772665092751,216.5,8.95,3.25,2.85,2
STU0052,28,M,Physics,2022,3.29,1,0,0.7674418604651163,43,3.2983333333333333,18,0.3986779623293201,255.9,8.3,4.05,2.15,4
STU0053,20,F,Physics,2024,3.18,1,0,0.7906976744186046,43,3.2306666666666666,15,0.5271549876007824,224.6,9.5,3.05,2.55,4
STU0054,19,M,Business,2023,1.52,1,0,0.813953488372093,43,1.5499999999999998,18,0.4073010160152548,120.95,3.5,0.9,1.7,0
STU0055,26,F,Computer Science,2022,2.16,1,0,0.7906976744186046,43,2.151764705882353,17,0.46049206418403194,160.5,5.9,2.0,1.1,1
STU0056,23,F,Computer Science,2022,2.21,1,0,0.813953488372093,43,2.353888888888889,18,0.45478034631972925,155.2,6.05,1.95,1.5,1
STU0057,27,M,Engineering,2023,3.96,1,0,0.8604651162790697,43,3.722352941176471,17,0.27217938505158484,291.8,11.35,3.9,2.8,2
STU0058,28,F,Engineering,2023,1.76,1,0,0.6744186046511628,43,1.904375,16,0.44155737641519094,142.85,4.75,2.3,1.7,2
STU0059,26,M,Computer Science,2021,1.89,0,1,0.5581395348837209,43,1.65,15,0.4617049150392798,143.45,4.65,2.1,1.2,1
STU0060,28,F,Physics,2022,3.09,1,0,0.8604651162790697,43,3.098125,16,0.2828478684145713,239.4,8.6,3.1,2.65,4
STU0061,22,M,Engineering,2024,3.76,1,0,0.9534883720930233,43,3.632142857142857,14,0.3746419536125037,283.75,11.25,4.1,2.5,2
STU0062,22,M,Computer Science,2024,1.61,0,1,0.6046511627906976,43,1.7147368421052631,19,0.49463082104010364,120.1,4.0,1.9,1.6,1
STU0063,25,F,Physics,2022,2.88,1,0,0.8837209302325582,43,3.0,17,0.4017150731550908,213.85,8.35,2.8,2.35,4
STU0064,19,M,Engineering,2021,1.69,1,0,0.6511627906976745,43,1.7040000000000002,15,0.40131569333167827,135.5,4.9,2.2,1.75,2
STU0065,23,M,Engineering,2021,2.96,1,0,0.7441860465116279,43,3.044285714285714,14,0.40930925464013884,234.7,7.7,3.0,2.75,2
STU0066,18,M,Business,2022,2.27,1,0,0.6976744186046512,43,2.281904761904762,21,0.4989250349262807,166.6,6.3,2.0,1.7,0
STU0067,28,M,Physics,2022,2.12,1,0,0.6976744186046512,43,2.009375,16,0.42874186095287375,153.0,5.8,2.2,1.5,4
STU0068,27,M,Physics,2024,3.37,1,0,0.8604651162790697,43,3.421875,16,0.3804772222704883,242.9,9.9,4.2,2.3,4
STU0069,24,F,Mathematics,2022,1.56,1,0,0.46511627906976744,43,1.5677777777777777,18,0.48522348465975906,107.1,3.6,0.75,1.65,3
STU0070,22,F,Business,2022,1.9,1,0,0.6046511627906976,43,1.820625,16,0.48222358230734974,149.45,5.3,2.0,1.75,0
STU0071,21,F,Computer Science,2024,2.0,1,0,0.813953488372093,43,2.098235294117647,17,0.4647477177743539,154.5,6.3,1.85,1.2,1
STU0072,21,M,Physics,2023,2.06,1,0,0.7441860465116279,43,2.0344444444444445,18,0.38676976313202494,137.5,6.9,1.95,1.55,4
STU0073,22,F,Business,2023,3.66,1,0,0.8837209302325582,43,3.7634999999999996,20,0.268411996751263,288.7,10.3,3.9,2.55,0
STU0074,28,F,Physics,2024,3.95,1,0,0.9069767441860465,43,3.71625,16,0.28352248588074985,284.15,10.6,4.1,2.65,4
STU0075,22,F,Computer Science,2021,1.95,1,0,0.7209302325581395,43,1.9835294117647058,17,0.47732249549532274,149.55,4.5,1.9,1.65,1
STU0076,27,F,Computer Science,2021,2.59,1,0,0.8837209302325582,43,2.5588235294117645,17,0.522313152631412,189.55,6.75,3.15,1.5,1
STU0077,24,M,Business,2021,3.75,1,0,0.8837209302325582,43,3.5429411764705883,17,0.381768331352313,280.25,10.85,3.95,2.05,0
STU0078,24,M,Physics,2021,1.5,1,0,0.5581395348837209,43,1.3800000000000001,17,0.46339777729289977,128.25,3.85,1.0,1.3,4
STU0079,19,F,Physics,2024,3.87,1,0,0.8837209302325582,43,3.6326666666666667,15,0.3805722508213624,302.0,11.55,4.3,2.75,4
STU0080,28,F,Engineering,2023,3.62,1,0,0.8604651162790697,43,3.5323529411764705,17,0.39875633869201216,285.85,10.75,4.15,1.9,2
STU0081,28,F,Engineering,2023,2.52,1,0,0.7906976744186046,43,2.519375,16,0.45515519331322574,196.8,7.4,3.0,1.75,2
STU0082,21,F,Physics,2022,2.55,1,0,0.6744186046511628,43,2.3642857142857143,14,0.5299595671908782,178.6,6.2,2.9,1.4,4
STU0083,24,M,Mathematics,2023,2.87,1,0,0.8372093023255814,43,2.846,20,0.5316053146144383,220.95,8.25,3.0,2.45,3
STU0084,21,F,Physics,2023,2.57,1,0,0.7441860465116279,43,2.704375,16,0.4543709020906453,202.3,7.2,3.0,1.05,4
STU0085,25,F,Business,2024,3.19,1,0,0.8372093023255814,43,3.2373684210526315,19,0.4849151369657164,232.85,8.8,3.2,2.7,0
STU0086,22,F,Mathematics,2021,2.79,1,0,0.8604651162790697,43,2.858421052631579,19,0.49241201309805077,209.95,7.85,3.0,2.4,3
STU0087,28,M,Computer Science,2022,2.28,1,0,0.6744186046511628,43,2.277058823529412,17,0.4910036240431729,165.7,5.3,2.35,1.4,1
STU0088,18,F,Mathematics,2021,2.11,1,0,0.6976744186046512,43,2.0273333333333334,15,0.3989354882804033,154.15,5.65,1.95,0.95,3
STU0089,25,M,Engineering,2021,2.54,1,0,0.7906976744186046,43,2.508235294117647,17,0.42727677350456417,199.4,7.75,3.1,1.85,2
STU0090,24,M,Business,2024,2.11,1,0,0.7674418604651163,43,2.2742105263157897,19,0.4382834672455929,154.25,5.25,1.95,1.5,0
STU0091,21,F,Computer Science,2024,1.94,1,0,0.6744186046511628,43,1.9289473684210525,19,0.588188317697677,136.05,4.9,2.15,1.1,1
STU0092,19,F,Computer Science,2022,2.64,1,0,0.7441860465116279,43,2.7592857142857143,14,0.4786272724511904,200.45,7.05,3.2,1.5,1
STU0093,25,F,Engineering,2023,3.03,1,0,0.813953488372093,43,3.039333333333333,15,0.38739914202033965,225.25,8.3,3.25,2.2,2
STU0094,20,F,Engineering,2024,3.36,1,0,0.8604651162790697,43,3.405333333333333,15,0.35403524172171397,260.05,10.35,4.45,2.5,2
STU0095,21,F,Business,2023,3.6,1,0,0.8837209302325582,43,3.601176470588235,17,0.44467519540869893,261.55,8.85,4.2,2.5,0
STU0096,28,F,Engineering,2024,2.1,1,0,0.7674418604651163,43,1.956875,16,0.3000604105842688,146.15,5.85,2.05,1.2,2
STU0097,21,F,Computer Science,2023,2.18,1,0,0.8372093023255814,43,2.165,16,0.5313755733941862,162.25,5.9,1.8,1.75,1
STU0098,20,M,Engineering,2021,1.88,0,1,0.7441860465116279,43,1.628235294117647,17,0.4666266614505332,142.05,5.0,1.9,1.3,2
STU0099,24,F,Mathematics,2021,2.52,1,0,0.7906976744186046,43,2.545294117647059,17,0.3699513084018427,183.05,6.7,3.2,1.45,3
STU0100,21,F,Business,2021,3.58,1,0,0.8837209302325582,43,3.5126666666666666,15,0.4347653992453313,268.75,10.1,4.15,2.4,0
STU0101,27,M,Engineering,2021,2.45,1,0,0.6511627906976745,43,2.3280000000000003,15,0.5299892182191742,170.45,7.0,3.0,1.8,2
STU0102,24,F,Physics,2023,3.63,1,0,0.9534883720930233,43,3.5275,16,0.4294570215205863,269.3,9.8,4.05,2.55,4
STU0103,25,F,Engineering,2022,2.05,1,0,0.8372093023255814,43,2.0075,16,0.4219557638742083,143.5,5.95,1.95,1.6,2
STU0104,24,F,Business,2021,2.34,1,0,0.627906976744186,43,2.3823809523809523,21,0.45192814430952133,174.35,7.0,2.1,1.7,0
STU0105,20,M,Mathematics,2024,3.95,1,0,0.9767441860465116,43,3.761578947368421,19,0.309717849338443,295.45,11.6,4.1,2.85,3
STU0106,19,M,Business,2021,3.11,1,0,0.8372093023255814,43,3.139473684210526,19,0.5650513613253867,225.1,9.25,2.85,2.2,0
STU0107,18,F,Business,2022,2.15,1,0,0.6511627906976745,43,2.2635,20,0.4986431589824531,170.3,6.1,1.9,1.6,0
STU0108,23,F,Mathematics,2024,2.34,1,0,0.5581395348837209,43,2.4061904761904764,21,0.4352984745031412,180.0,7.55,2.05,1.3,3
STU0109,22,F,Physics,2024,3.59,1,0,0.8837209302325582,43,3.605,16,0.35473934092513615,259.85,10.3,4.05,1.95,4
STU0110,23,M,Computer Science,2021,2.06,1,0,0.7441860465116279,43,1.9406666666666665,15,0.4714486287219526,158.5,6.1,1.9,2.0,1
STU0111,21,M,Computer Science,2021,2.0,1,0,0.6744186046511628,43,2.034705882352941,17,0.44256521619783373,160.55,5.65,2.35,1.3,1
STU0112,21,M,Engineering,2022,1.82,1,0,0.6976744186046512,43,1.6626666666666665,15,0.40543568569884814,134.55,5.8,1.75,1.35,2
STU0113,23,M,Business,2023,1.92,1,0,0.6976744186046512,43,1.8690000000000002,20,0.4740630648697326,138.75,6.1,2.4,1.45,0
STU0114,19,F,Mathematics,2023,2.95,1,0,0.8372093023255814,43,2.8314285714285714,14,0.49683393205774096,207.2,8.15,2.8,2.65,3
STU0115,24,M,Engineering,2024,3.85,1,0,0.8372093023255814,43,3.6542857142857144,14,0.30948379566662265,286.75,11.85,3.8,2.6,2
STU0116,19,F,Computer Science,2022,3.24,1,0,0.8372093023255814,43,3.220666666666667,15,0.4374351652639782,241.45,8.3,3.95,2.85,1
STU0117,27,F,Engineering,2021,3.46,1,0,0.813953488372093,43,3.194375,16,0.43167841039366334,247.95,9.55,4.1,2.3,2
STU0118,28,F,Engineering,2024,2.43,1,0,0.8372093023255814,43,2.5494117647058823,17,0.4582503489938019,180.5,7.2,3.1,1.8,2
STU0119,25,F,Computer Science,2024,1.76,1,0,0.7674418604651163,43,1.7557142857142856,21,0.40003214156579253,118.9,5.0,2.15,1.5,1
STU0120,20,F,Mathematics,2024,3.33,1,0,0.813953488372093,43,3.0926666666666667,15,0.38460493026084874,242.45,9.1,4.15,2.8,3
STU0121,25,F,Engineering,2024,2.59,1,0,0.6976744186046512,43,2.7953333333333332,15,0.38455664020246677,202.15,6.65,3.05,1.55,2
STU0122,19,F,Physics,2022,2.2,1,0,0.7906976744186046,43,2.216875,16,0.48678152183500156,163.85,5.45,1.95,1.5,4
STU0123,27,F,Mathematics,2024,3.03,1,0,0.7441860465116279,43,3.17,16,0.3746287050756611,216.45,9.5,3.0,2.4,3
STU0124,25,M,Physics,2021,3.63,1,0,0.8372093023255814,43,3.588235294117647,17,0.4101712339699977,273.1,9.0,3.9,2.4,4
STU0125,23,F,Business,2022,3.49,1,0,0.7906976744186046,43,3.383,20,0.4240047169548942,249.75,9.05,4.2,2.6,0
STU0126,26,M,Physics,2023,1.53,1,0,0.6976744186046512,43,1.5507142857142857,14,0.4895439681002072,110.05,4.25,1.0,1.7,4
STU0127,25,M,Mathematics,2024,2.89,1,0,0.813953488372093,43,2.84125,16,0.5169767886472273,215.9,8.45,2.6,2.4,3
STU0128,25,M,Business,2024,3.48,1,0,0.9069767441860465,43,3.3504761904761904,21,0.4370866755058565,260.8,10.35,3.75,2.4,0
STU0129,24,F,Physics,2022,3.23,1,0,0.8604651162790697,43,3.086875,16,0.5116863459842039,259.2,9.25,4.1,2.8,4
STU0130,25,F,Engineering,2023,2.88,1,0,0.7209302325581395,43,2.7606666666666664,15,0.4754917254299815,223.75,7.35,2.9,2.45,2
STU0131,23,F,Business,2023,3.26,1,0,0.8372093023255814,43,3.31,16,0.4880983507450114,246.25,9.25,3.8,2.3,0
STU0132,21,M,Physics,2023,1.8,0,1,0.6976744186046512,43,1.6852941176470588,17,0.37094672203462753,135.75,5.15,1.9,2.05,4
STU0133,21,F,Engineering,2022,2.04,1,0,0.7441860465116279,43,2.0806666666666667,15,0.49073511427342587,152.1,5.4,1.95,1.55,2
STU0134,19,F,Physics,2023,3.58,1,0,0.8372093023255814,43,3.522777777777778,18,0.43935521680748013,273.2,10.6,3.7,2.8,4
STU0135,20,M,Mathematics,2023,2.26,1,0,0.6744186046511628,43,2.2433333333333336,18,0.3665739633255959,179.85,5.75,1.85,1.9,3
STU0136,18,M,Physics,2021,2.88,1,0,0.7674418604651163,43,2.900714285714286,14,0.5239416333570326,221.7,7.75,3.35,2.35,4
STU0137,18,F,Business,2021,2.94,1,0,0.7906976744186046,43,2.8622222222222224,18,0.4647776894963814,222.25,9.1,2.8,2.55,0
STU0138,23,F,Business,2024,1.96,0,1,0.7441860465116279,43,2.051764705882353,17,0.42512109001609244,155.65,4.65,1.8,1.15,0
STU0139,24,M,Computer Science,2021,2.73,1,0,0.6744186046511628,43,2.528888888888889,18,0.4386729840417628,204.95,7.75,3.05,2.95,1
STU0140,27,M,Mathematics,2022,3.87,1,0,0.9069767441860465,43,3.69,21,0.30545048698602534,296.6,11.5,4.15,2.3,3
STU0141,26,M,Mathematics,2021,3.41,1,0,0.7906976744186046,43,3.396666666666667,15,0.408807790439235,262.5,10.2,4.15,2.4,3
STU0142,25,F,Engineering,2024,3.77,1,0,0.9302325581395349,43,3.606875,16,0.35644015392956685,277.55,11.05,4.25,2.4,2
STU0143,22,M,Engineering,2024,2.92,1,0,0.7906976744186046,43,2.955714285714286,14,0.5121104791518554,226.4,7.75,2.6,2.55,2
STU0144,21,F,Engineering,2021,3.06,1,0,0.8837209302325582,43,2.96625,16,0.4367741597973336,229.1,8.4,3.1,2.4,2
STU0145,21,M,Computer Science,2022,1.93,0,1,0.6976744186046512,43,1.8733333333333335,15,0.43128821431790104,141.45,4.95,1.85,1.3,1
STU0146,27,M,Business,2024,2.67,1,0,0.7441860465116279,43,2.7726315789473683,19,0.4774334404484877,198.3,7.75,2.95,2.45,0
STU0147,22,F,Mathematics,2023,3.26,1,0,0.813953488372093,43,3.1194117647058826,17,0.45901348820371407,238.3,9.3,4.15,2.3,3
STU0148,22,M,Computer Science,2022,3.47,1,0,0.8837209302325582,43,3.4946153846153845,13,0.399950317427373,248.35,9.75,4.05,2.65,1
STU0149,26,M,Business,2021,2.06,1,0,0.6744186046511628,43,2.153,20,0.4322535805458838,151.15,6.45,2.0,1.5,0
STU0150,19,F,Physics,2022,1.65,1,0,0.6976744186046512,43,1.7058823529411764,17,0.4157832792382561,122.9,3.55,1.7,1.15,4
STU0151,25,F,Business,2021,3.22,1,0,0.7906976744186046,43,3.2873333333333337,15,0.5688769219971508,222.4,8.6,4.4,2.15,0
STU0152,25,F,Physics,2024,1.7,0,1,0.5581395348837209,43,1.7847058823529411,17,0.40780077315796637,115.3,5.1,2.15,1.65,4
STU0153,18,M,Physics,2023,1.73,1,0,0.7441860465116279,43,1.7,14,0.47028632849491886,109.3,5.05,1.7,1.85,4
STU0154,20,F,Physics,2021,2.68,1,0,0.813953488372093,43,2.705,16,0.5938013135721408,209.9,8.25,3.1,2.5,4
STU0155,27,F,Physics,2022,2.59,1,0,0.7674418604651163,43,2.3911764705882352,17,0.4124906416050729,193.4,7.0,3.1,1.4,4
STU0156,23,F,Computer Science,2024,2.52,1,0,0.7906976744186046,43,2.400952380952381,21,0.5120342250465759,194.7,7.6,3.35,1.4,1
STU0157,23,F,Computer Science,2022,2.53,1,0,0.6976744186046512,43,2.4614285714285713,14,0.5194798751244756,204.65,5.55,3.35,1.3,1
STU0158,26,F,Physics,2024,1.59,0,1,0.6511627906976745,43,1.680625,16,0.459484765797518,117.95,3.2,0.95,1.25,4
STU0159,24,M,Physics,2021,3.66,1,0,0.8372093023255814,43,3.442941176470588,17,0.42565779544550736,272.9,9.9,4.0,2.45,4
STU0160,24,F,Engineering,2024,1.64,0,1,0.7209302325581395,43,1.5446666666666669,15,0.46023079096512104,136.05,4.0,2.3,1.25,2
STU0161,21,M,Business,2021,2.17,1,0,0.7209302325581395,43,2.051764705882353,17,0.4024648322232275,173.4,6.2,2.0,1.3,0
STU0162,25,M,Physics,2024,1.8,1,0,0.7209302325581395,43,1.9166666666666667,15,0.511603455068567,135.75,5.25,2.0,1.2,4
STU0163,26,M,Mathematics,2023,1.53,0,1,0.6744186046511628,43,1.4613333333333334,15,0.29695758876278866,106.4,4.45,0.7,1.6,3
STU0164,19,M,Computer Science,2024,3.12,1,0,0.8372093023255814,43,3.1910526315789474,19,0.5597310339880724,233.4,8.75,3.2,2.5,1
STU0165,26,F,Business,2023,3.26,1,0,0.8837209302325582,43,3.233888888888889,18,0.43149724133654166,243.1,8.95,3.9,2.25,0
STU0166,21,M,Business,2024,2.64,1,0,0.7441860465116279,43,2.4576470588235293,17,0.44733278177108693,191.75,5.7,2.75,1.7,0
STU0167,27,M,Business,2022,2.77,1,0,0.813953488372093,43,2.88,16,0.39744181964156716,218.6,7.15,3.1,2.5,0
STU0168,24,F,Computer Science,2023,2.35,1,0,0.7209302325581395,43,2.354761904761905,21,0.49441499823143564,177.35,6.1,1.95,1.55,1
STU0169,22,F,Computer Science,2023,3.59,1,0,0.7906976744186046,43,3.477142857142857,21,0.38004135113356885,282.5,10.9,4.25,2.6,1
STU0170,26,F,Mathematics,2024,2.71,1,0,0.7906976744186046,43,2.716818181818182,22,0.45952756654588683,201.55,7.7,2.7,2.75,3
STU0171,25,M,Engineering,2024,3.83,1,0,0.8604651162790697,43,3.730714285714286,14,0.3060031243107039,285.35,11.55,3.95,2.65,2
STU0172,21,F,Mathematics,2024,3.64,1,0,0.8604651162790697,43,3.555,14,0.36708309685955304,288.55,10.55,3.9,2.7,3
STU0173,25,F,Computer Science,2023,3.26,1,0,0.9302325581395349,43,3.392857142857143,14,0.40866440193218856,257.0,9.1,4.1,2.7,1
STU0174,25,M,Business,2022,3.91,1,0,0.9534883720930233,43,3.906315789473684,19,0.17337212791230913,310.75,11.8,4.05,2.75,0
STU0175,19,F,Engineering,2023,3.69,1,0,0.9069767441860465,43,3.563125,16,0.4480583109373154,264.7,11.05,4.15,2.25,2
STU0176,18,F,Computer Science,2024,3.31,1,0,0.8837209302325582,43,3.2766666666666664,15,0.46115796281390037,253.25,8.7,3.9,2.6,1
STU0177,25,F,Mathematics,2021,3.45,1,0,0.8837209302325582,43,3.175,16,0.47531042488041436,256.6,10.95,4.05,2.15,3
STU0178,28,F,Physics,2024,1.7,0,1,0.7441860465116279,43,1.7750000000000001,16,0.5466138185837115,113.5,5.8,2.0,1.2,4
STU0179,26,F,Physics,2024,1.59,0,1,0.5813953488372093,43,1.453125,16,0.48349724232236657,117.75,4.35,1.05,1.25,4
STU0180,24,M,Mathematics,2021,3.95,1,0,0.813953488372093,43,3.86,15,0.26989415914920645,278.3,11.45,4.1,2.7,3
STU0181,22,M,Business,2022,3.76,1,0,0.9069767441860465,43,3.5134999999999996,20,0.3495000188238832,263.65,10.15,3.9,2.65,0
STU0182,22,F,Physics,2021,2.4,1,0,0.813953488372093,43,2.4606666666666666,15,0.4724475279506357,189.35,7.35,2.95,1.45,4
STU0183,26,M,Mathematics,2022,2.53,1,0,0.8372093023255814,43,2.5116666666666667,18,0.4854985309240511,200.8,7.2,3.0,1.4,3
STU0184,19,F,Mathematics,2022,3.02,1,0,0.7674418604651163,43,2.9541176470588235,17,0.4258235964505932,233.35,8.85,3.0,2.6,3
STU0185,25,M,Engineering,2022,3.78,1,0,0.8837209302325582,43,3.643125,16,0.3594387986848387,277.7,11.05,4.2,2.75,2
STU0186,28,F,Mathematics,2024,2.13,1,0,0.7209302325581395,43,2.159473684210526,19,0.5797841905419113,150.85,7.2,1.95,1.2,3
STU0187,22,M,Computer Science,2024,3.19,1,0,0.7906976744186046,43,3.2685000000000004,20,0.47205346485775374,237.9,8.7,2.9,2.8,1
STU0188,23,F,Computer Science,2024,3.97,1,0,0.9302325581395349,43,3.713529411764706,17,0.3057151692439914,293.2,10.4,3.9,2.2,1
STU0189,25,M,Business,2023,3.61,1,0,0.8372093023255814,43,3.4373333333333336,15,0.42133235382646844,270.35,9.45,3.9,2.7,0
STU0190,19,F,Business,2024,2.09,1,0,0.6976744186046512,43,2.1705882352941175,17,0.32491288425198095,152.5,5.65,1.85,1.4,0
STU0191,22,F,Engineering,2023,1.55,1,0,0.7674418604651163,43,1.5816666666666666,18,0.5561025085359712,119.8,3.7,1.25,1.3,2
STU0192,27,M,Physics,2021,3.66,1,0,0.8837209302325582,43,3.678235294117647,17,0.37306559902578873,263.7,10.0,3.9,2.4,4
STU0193,22,M,Engineering,2024,3.44,1,0,0.8837209302325582,43,3.6294444444444443,18,0.4549915606485882,266.7,9.9,4.15,1.9,2
STU0194,21,F,Engineering,2023,3.09,1,0,0.813953488372093,43,3.1194444444444445,18,0.4415410476184815,232.9,9.55,2.65,2.35,2
STU0195,28,F,Mathematics,2021,3.12,1,0,0.8837209302325582,43,3.043529411764706,17,0.4087624795720398,227.6,7.9,2.85,2.3,3
STU0196,27,M,Business,2021,2.41,1,0,0.7674418604651163,43,2.536,15,0.3373171462331215,181.1,6.55,3.3,1.5,0
STU0197,23,M,Computer Science,2023,3.37,1,0,0.813953488372093,43,3.3873684210526314,19,0.4379731359755496,239.55,9.9,4.0,2.35,1
STU0198,26,F,Mathematics,2022,3.69,1,0,0.7906976744186046,43,3.738571428571429,21,0.33135005227531966,270.05,10.85,3.85,2.65,3
STU0199,20,F,Engineering,2023,2.14,1,0,0.7441860465116279,43,2.1046666666666667,15,0.4392829655353413,173.5,6.7,1.95,1.4,2
STU0200,19,M,Physics,2023,2.67,1,0,0.7209302325581395,43,2.440714285714286,14,0.42125205839651,200.4,7.3,3.25,2.75,4
STU0201,28,F,Mathematics,2022,3.31,1,0,0.7906976744186046,43,3.247894736842105,19,0.47727908149994047,245.1,9.0,4.3,2.55,3
STU0202,19,M,Engineering,2023,3.48,1,0,0.9534883720930233,43,3.5813333333333333,15,0.4723477330869503,269.1,9.5,4.1,2.5,2
STU0203,25,F,Physics,2021,2.42,1,0,0.7674418604651163,43,2.518125,16,0.4397911436125107,173.6,6.55,2.95,1.45,4
STU0204,28,M,Engineering,2024,3.85,1,0,0.9302325581395349,43,3.855882352941176,17,0.2415072158220487,288.8,10.25,3.75,2.05,2
STU0205,18,F,Mathematics,2024,3.05,1,0,0.8372093023255814,43,3.026842105263158,19,0.5001561159786784,211.25,9.35,3.05,2.65,3
STU0206,28,F,Engineering,2022,1.66,1,0,0.7209302325581395,43,1.5593333333333335,15,0.4577033766014634,120.3,4.65,2.0,1.7,2
STU0207,20,F,Business,2021,1.61,0,1,0.6976744186046512,43,1.473157894736842,19,0.43637461775124353,124.8,4.0,2.0,1.5,0
STU0208,21,M,Computer Science,2021,3.72,1,0,0.8604651162790697,43,3.676875,16,0.37804265632333073,284.2,10.5,4.0,2.35,1
STU0209,23,F,Business,2024,3.18,1,0,0.8837209302325582,43,3.214,20,0.4317211575713389,231.9,8.8,2.6,2.25,0
STU0210,24,F,Engineering,2022,3.14,1,0,0.8372093023255814,43,3.0888235294117647,17,0.5561461403370203,241.05,8.5,2.85,2.5,2
STU0211,22,F,Engineering,2024,1.58,0,1,0.6511627906976745,43,1.56125,16,0.4540172537103262,120.45,3.35,1.05,1.65,2
STU0212,23,F,Business,2022,1.75,1,0,0.6744186046511628,43,1.818,15,0.46118171194071805,136.05,4.85,2.1,1.45,0
STU0213,22,F,Computer Science,2024,1.97,0,1,0.6976744186046512,43,1.9976470588235296,17,0.4301384865913057,147.75,5.7,2.25,1.2,1
STU0214,28,M,Computer Science,2022,3.1,1,0,0.7209302325581395,43,3.084736842105263,19,0.48965258002261874,243.15,9.1,3.2,2.25,1
STU0215,21,M,Computer Science,2023,3.97,1,0,0.8372093023255814,43,3.72,17,0.25990382836734055,287.25,11.5,4.4,2.45,1
STU0216,27,M,Computer Science,2022,2.04,1,0,0.7674418604651163,43,1.8272222222222223,18,0.45848607080715437,157.25,5.45,2.25,2.05,1
STU0217,27,M,Physics,2022,1.51,1,0,0.627906976744186,43,1.3505882352941176,17,0.4180530855680187,100.45,3.9,0.85,1.35,4
STU0218,20,M,Mathematics,2023,1.77,1,0,0.5581395348837209,43,1.8393333333333333,15,0.4814037014912991,133.3,4.75,1.8,1.4,3
STU0219,21,M,Computer Science,2023,2.97,1,0,0.8837209302325582,43,2.9745,20,0.47373626906917204,218.35,8.45,3.3,2.75,1
STU0220,18,M,Mathematics,2023,1.82,0,1,0.6976744186046512,43,1.8025,16,0.5047177429019115,140.85,5.05,2.0,1.1,3
STU0221,25,M,Computer Science,2024,3.45,1,0,0.7906976744186046,43,3.5429411764705883,17,0.47815746237356727,256.55,9.8,4.25,2.35,1
STU0222,27,F,Business,2022,1.61,1,0,0.7441860465116279,43,1.4377777777777778,18,0.4571337242318328,121.7,3.35,2.5,1.7,0
STU0223,18,F,Business,2021,4.0,1,0,0.9302325581395349,43,3.8771428571428572,14,0.23066554447206325,305.95,11.9,5.0,3.7,0
STU0224,25,F,Business,2021,3.28,1,0,0.8837209302325582,43,3.18375,16,0.47955361187949225,248.8,9.3,3.95,2.4,0
STU0225,23,M,Computer Science,2021,3.02,1,0,0.9302325581395349,43,3.10578947368421,19,0.5333887032661357,218.55,9.65,3.2,2.5,1
STU0226,27,F,Mathematics,2023,3.08,1,0,0.8372093023255814,43,3.014705882352941,17,0.4059574738667035,221.85,8.95,3.1,2.25,3
STU0227,25,F,Business,2023,2.76,1,0,0.813953488372093,43,2.664705882352941,17,0.3777750264221225,201.8,8.1,2.85,2.9,0
STU0228,28,M,Computer Science,2021,3.13,1,0,0.813953488372093,43,3.21,17,0.5327757501988993,232.0,9.3,2.75,2.3,1
STU0229,21,F,Business,2024,2.53,1,0,0.6744186046511628,43,2.3311764705882356,17,0.45632886103309833,193.35,6.95,3.2,1.55,0
STU0230,19,F,Business,2024,2.28,1,0,0.7906976744186046,43,2.215,16,0.5026330669583926,177.9,6.05,1.9,1.5,0
STU0231,20,F,Physics,2023,3.22,1,0,0.7674418604651163,43,3.1,15,0.27663797900608555,238.7,9.45,3.9,2.8,4
STU0232,19,F,Computer Science,2021,1.73,0,1,0.7674418604651163,43,1.7866666666666664,18,0.3803404048078665,126.0,5.0,2.05,1.25,1
STU0233,27,F,Mathematics,2021,3.89,1,0,0.8837209302325582,43,3.7255555555555557,18,0.28034059583514226,274.9,12.2,4.0,2.4,3
STU0234,23,F,Computer Science,2024,3.68,1,0,0.7674418604651163,43,3.690555555555556,18,0.3887305466624622,274.45,11.0,4.05,2.45,1
STU0235,27,M,Computer Science,2023,2.28,1,0,0.7441860465116279,43,2.19625,16,0.5361327571911022,176.1,6.6,2.5,1.5,1
STU0236,20,M,Engineering,2022,3.14,1,0,0.8837209302325582,43,3.2359999999999998,15,0.3750390455863037,236.05,10.0,3.1,2.8,2
STU0237,26,F,Computer Science,2023,2.42,1,0,0.7906976744186046,43,2.4747826086956524,23,0.4627376005432471,187.65,7.1,2.85,1.2,1
STU0238,24,M,Engineering,2022,3.61,1,0,0.8837209302325582,43,3.6482352941176472,17,0.3723445194661397,263.4,9.45,3.55,2.05,2
STU0239,18,F,Engineering,2023,1.95,1,0,0.6976744186046512,43,2.0892857142857144,14,0.4763396378105128,145.65,6.15,1.85,1.3,2
STU0240,18,F,Physics,2023,1.95,0,1,0.627906976744186,43,1.9852941176470589,17,0.5671983520676301,147.25,5.55,2.0,1.75,4
STU0241,28,M,Computer Science,2022,3.93,1,0,0.9069767441860465,43,3.7716666666666665,18,0.2641801969690163,296.7,11.2,3.9,2.0,1
STU0242,24,F,Engineering,2022,2.55,1,0,0.6744186046511628,43,2.727333333333333,15,0.46478054217119763,196.55,7.15,2.95,1.75,2
STU0243,22,M,Mathematics,2023,3.3,1,0,0.8372093023255814,43,3.41421052631579,19,0.5070099252751225,249.35,8.8,4.1,2.6,3
STU0244,20,M,Computer Science,2022,3.39,1,0,0.813953488372093,43,3.4447058823529413,17,0.4950393626654705,252.05,10.6,3.75,3.1,1
STU0245,25,F,Computer Science,2023,3.15,1,0,0.9302325581395349,43,3.1733333333333333,15,0.43445642008420227,237.35,8.6,3.05,2.5,1
STU0246,24,M,Engineering,2024,2.18,1,0,0.627906976744186,43,2.2723529411764707,17,0.5568385023030096,163.3,6.4,2.2,1.75,2
STU0247,19,F,Physics,2024,2.21,1,0,0.6976744186046512,43,2.1775,16,0.5298490351033963,158.85,5.75,2.0,1.25,4
STU0248,18,M,Engineering,2023,2.05,1,0,0.6046511627906976,43,2.129285714285714,14,0.45228419053841457,166.05,6.35,2.25,1.65,2
STU0249,22,M,Computer Science,2022,3.86,1,0,0.8837209302325582,43,3.775263157894737,19,0.27643300215126737,292.8,10.35,3.75,2.55,1
STU0250,23,F,Physics,2023,1.8,0,1,0.7441860465116279,43,2.0086666666666666,15,0.36908896849766,122.5,4.9,2.25,1.4,4
STU0251,24,M,Mathematics,2022,2.83,1,0,0.8604651162790697,43,2.7022222222222223,18,0.45558695890486484,203.35,8.35,2.95,2.65,3
STU0252,19,M,Engineering,2023,2.49,1,0,0.7209302325581395,43,2.2707142857142855,14,0.4941109231696912,187.5,8.35,3.05,1.65,2
STU0253,25,F,Business,2021,3.8,1,0,0.8604651162790697,43,3.62375,16,0.4139222954452522,280.2,11.65,3.95,2.3,0
STU0254,27,F,Engineering,2024,2.51,1,0,0.813953488372093,43,2.572,15,0.4415912783817827,204.75,7.0,3.05,1.9,2
STU0255,24,F,Physics,2021,1.55,0,1,0.627906976744186,43,1.48,17,0.4921254921257382,106.85,3.55,1.1,1.6,4
STU0256,24,M,Physics,2021,3.61,1,0,0.813953488372093,43,3.428888888888889,18,0.34695124066458216,289.65,10.5,3.8,2.85,4
STU0257,26,F,Business,2024,1.7,1,0,0.5348837209302325,43,1.7999999999999998,18,0.4001911308068566,132.15,5.45,1.7,1.7,0
STU0258,20,M,Mathematics,2023,1.69,1,0,0.6744186046511628,43,1.6780000000000002,15,0.5834160485573616,132.9,5.85,1.9,1.4,3
STU0259,28,M,Physics,2023,3.54,1,0,0.9069767441860465,43,3.80375,16,0.1795503643363983,250.2,9.85,3.85,2.75,4
STU0260,22,M,Computer Science,2022,1.99,1,0,0.627906976744186,43,1.832105263157895,19,0.4998397403987317,136.25,5.65,1.75,1.35,1
STU0261,25,F,Mathematics,2024,3.39,1,0,0.8837209302325582,43,3.477333333333333,15,0.4435323577609105,255.15,9.9,3.8,2.95,3
STU0262,28,F,Engineering,2023,2.29,1,0,0.7209302325581395,43,2.3388235294117647,17,0.4414589781755092,178.1,5.45,1.9,1.65,2
STU0263,25,F,Computer Science,2024,3.08,1,0,0.8604651162790697,43,2.953333333333333,15,0.4364248694410834,246.25,8.7,2.85,2.5,1
STU0264,23,F,Engineering,2021,2.77,1,0,0.6976744186046512,43,2.6294117647058823,17,0.5133647653987768,217.15,7.85,3.1,2.2,2
STU0265,18,M,Business,2024,1.64,1,0,0.6046511627906976,43,1.7544444444444443,18,0.45479435847065214,117.7,3.65,1.8,1.25,0
STU0266,25,M,Computer Science,2024,2.95,1,0,0.813953488372093,43,2.901111111111111,18,0.511271642877304,224.6,7.2,2.9,2.15,1
STU0267,23,M,Business,2022,3.01,1,0,0.7674418604651163,43,3.1023809523809525,21,0.4879334458909818,223.1,8.95,2.6,2.55,0
STU0268,19,F,Computer Science,2024,3.53,1,0,0.8604651162790697,43,3.4575,16,0.4475339838120305,277.7,9.1,4.15,2.65,1
STU0269,18,F,Computer Science,2022,2.12,1,0,0.6046511627906976,43,2.3333333333333335,15,0.42382049209990946,159.7,5.65,1.8,1.85,1
STU0270,23,F,Business,2022,2.43,1,0,0.6976744186046512,43,2.4744444444444444,18,0.4124421131892646,173.35,6.4,2.85,1.35,0
STU0271,23,M,Business,2024,3.2,1,0,0.813953488372093,43,3.3510526315789475,19,0.41370809269932374,250.75,9.55,4.2,2.6,0
STU0272,23,F,Physics,2021,1.74,1,0,0.6744186046511628,43,1.6106666666666667,15,0.6012780040008432,123.5,4.65,2.5,1.65,4
STU0273,23,F,Physics,2022,1.7,1,0,0.7209302325581395,43,1.6343750000000001,16,0.48079058157719085,119.85,4.6,2.0,1.5,4
STU0274,20,M,Physics,2024,2.99,1,0,0.813953488372093,43,3.161764705882353,17,0.5063994877332229,221.55,8.15,2.7,2.3,4
STU0275,28,M,Physics,2024,3.48,1,0,0.7906976744186046,43,3.48625,16,0.4883833876508632,248.45,9.85,3.9,2.5,4
STU0276,28,F,Engineering,2021,3.18,1,0,0.7674418604651163,43,3.168,15,0.5849444418062283,226.25,8.9,3.15,2.4,2
STU0277,22,F,Computer Science,2023,1.95,0,1,0.7209302325581395,43,1.9004999999999999,20,0.45820559623497903,148.9,4.35,1.75,1.75,1
STU0278,20,M,Mathematics,2022,1.89,0,1,0.6046511627906976,43,1.719375,16,0.47436229122194495,147.9,5.1,2.05,1.2,3
STU0279,28,M,Engineering,2021,2.34,1,0,0.6511627906976745,43,2.25,18,0.4275786821296927,183.75,6.25,2.05,1.6,2
STU0280,20,M,Engineering,2024,1.91,1,0,0.6511627906976745,43,2.0123529411764705,17,0.48161874719227743,142.2,5.05,2.05,1.75,2
STU0281,24,M,Business,2021,2.41,1,0,0.6744186046511628,43,2.336315789473684,19,0.40664221957003216,188.75,6.6,3.1,1.7,0
STU0282,25,M,Business,2023,2.09,1,0,0.6511627906976745,43,2.2505882352941176,17,0.4593401597432355,160.7,6.45,1.8,0.95,0
STU0283,21,F,Physics,2024,2.42,1,0,0.8604651162790697,43,2.6255555555555556,18,0.42617618867183293,175.8,6.85,2.85,1.95,4
STU0284,24,F,Business,2023,2.76,1,0,0.8372093023255814,43,2.561176470588235,17,0.5272793656229728,208.7,7.65,2.85,2.7,0
STU0285,27,F,Mathematics,2022,1.85,0,1,0.6744186046511628,43,1.9460000000000002,20,0.46878791074766196,140.0,5.25,2.0,1.75,3
STU0286,26,F,Physics,2021,3.63,1,0,0.8604651162790697,43,3.744285714285714,14,0.32759530112423974,286.3,9.5,3.45,2.65,4
STU0287,22,M,Computer Science,2022,2.62,1,0,0.7209302325581395,43,2.7265,20,0.5361586077193753,186.3,7.4,3.05,1.45,1
STU0288,21,F,Business,2021,3.54,1,0,0.9302325581395349,43,3.308666666666667,15,0.46463298368046313,248.45,9.65,4.25,2.7,0
STU0289,18,F,Computer Science,2024,2.49,1,0,0.6976744186046512,43,2.37,19,0.4672971930866552,196.65,7.05,2.7,1.0,1
STU0290,19,M,Mathematics,2024,2.44,1,0,0.7209302325581395,43,2.466111111111111,18,0.46983274732346664,179.2,6.95,3.15,1.5,3
STU0291,28,M,Physics,2021,2.34,1,0,0.6976744186046512,43,2.222666666666667,15,0.5293724946530922,166.0,6.75,1.65,1.35,4
STU0292,22,F,Mathematics,2021,3.79,1,0,0.9534883720930233,43,3.6757894736842105,19,0.34756799158140245,296.6,11.15,3.8,2.35,3
STU0293,25,M,Mathematics,2024,3.04,1,0,0.813953488372093,43,3.005238095238095,21,0.5520925560775027,240.2,8.6,2.85,1.85,3
STU0294,21,F,Computer Science,2023,3.59,1,0,0.8372093023255814,43,3.538333333333333,18,0.37289408683968167,282.5,10.35,3.75,2.45,1
STU0295,21,M,Computer Science,2023,2.25,1,0,0.7209302325581395,43,2.2353333333333336,15,0.5066397235943993,173.3,5.9,1.9,1.1,1
STU0296,28,F,Mathematics,2024,3.48,1,0,0.8604651162790697,43,3.3994117647058824,17,0.46067166436947393,249.75,10.75,4.1,2.25,3
STU0297,25,M,Computer Science,2021,2.99,1,0,0.8837209302325582,43,3.0264705882352945,17,0.42982469066572054,236.5,7.75,2.75,2.4,1
STU0298,20,M,Engineering,2022,2.23,1,0,0.7441860465116279,43,2.0,17,0.5813776741499455,158.0,6.05,2.2,1.7,2
STU0299,21,M,Engineering,2023,2.93,1,0,0.813953488372093,43,2.7658823529411767,17,0.45579681360680613,209.45,8.5,2.7,2.65,2
STU0300,19,M,Computer Science,2023,3.88,1,0,0.9069767441860465,43,3.665294117647059,17,0.3567582803359094,299.1,11.6,4.35,2.1,1
STU0301,18,F,Business,2024,3.09,1,0,0.7441860465116279,43,3.036666666666667,18,0.5286275237097756,231.85,9.4,2.8,2.55,0
STU0302,23,F,Physics,2021,3.47,1,0,0.7906976744186046,43,3.348125,16,0.39373796277896966,256.2,10.25,4.25,2.3,4
STU0303,27,F,Mathematics,2021,3.34,1,0,0.6976744186046512,43,3.4831578947368427,19,0.3663036480477631,264.3,9.9,3.95,3.1,3
STU0304,23,M,Mathematics,2021,2.87,1,0,0.7441860465116279,43,2.885263157894737,19,0.5126875637380879,212.0,8.1,2.85,2.7,3
STU0305,28,F,Business,2024,1.96,0,1,0.7209302325581395,43,1.881578947368421,19,0.48812866197681415,146.7,4.95,2.0,1.8,0
STU0306,21,M,Computer Science,2023,1.61,0,1,0.7441860465116279,43,1.544,15,0.49343982119692886,114.5,4.5,2.15,1.5,1
STU0307,26,F,Physics,2023,2.5,1,0,0.7674418604651163,43,2.478235294117647,17,0.49123868045632413,182.55,7.75,2.8,1.35,4
STU0308,28,M,Physics,2021,1.98,0,1,0.6511627906976745,43,1.993529411764706,17,0.47801596699888843,163.15,4.95,2.15,1.85,4
STU0309,19,F,Physics,2023,3.5,1,0,0.8604651162790697,43,3.4705882352941178,17,0.42054236689415875,275.05,9.7,4.0,2.65,4
STU0310,24,M,Business,2024,2.35,1,0,0.8604651162790697,43,2.506,20,0.42338734287324065,168.55,7.6,1.8,1.45,0
STU0311,23,F,Business,2024,3.81,1,0,0.9534883720930233,43,3.5094117647058827,17,0.39316775345002697,291.9,11.05,4.2,2.45,0
STU0312,19,M,Computer Science,2024,2.58,1,0,0.813953488372093,43,2.521875,16,0.379108054077814,190.85,7.0,2.95,1.5,1
STU0313,23,F,Engineering,2023,1.76,0,1,0.4883720930232558,43,1.7286666666666666,15,0.5149461368041554,124.15,3.8,1.75,1.6,2
STU0314,27,M,Physics,2024,3.29,1,0,0.8604651162790697,43,3.2866666666666666,18,0.5167318111998547,238.9,9.35,4.25,2.2,4
STU0315,25,F,Business,2023,1.61,1,0,0.6744186046511628,43,1.5444444444444445,18,0.5502750352133784,120.95,4.15,1.8,1.7,0
STU0316,22,M,Engineering,2024,3.1,1,0,0.8372093023255814,43,2.94,15,0.5235319610928394,253.15,8.5,3.05,2.3,2
STU0317,23,M,Computer Science,2024,2.78,1,0,0.8372093023255814,43,2.8125,16,0.48201659722461837,205.9,7.3,3.0,2.3,1
STU0318,27,F,Computer Science,2022,3.2,1,0,0.8837209302325582,43,3.17375,16,0.4993445704120552,241.0,9.1,4.05,2.75,1
STU0319,19,F,Computer Science,2022,2.09,1,0,0.627906976744186,43,1.92,16,0.41923740291152456,166.5,5.65,2.4,1.15,1
STU0320,27,F,Physics,2024,1.58,0,1,0.627906976744186,43,1.4375,16,0.4944154798008115,125.55,4.2,0.7,1.35,4
STU0321,25,M,Physics,2023,3.41,1,0,0.7674418604651163,43,3.4329411764705884,17,0.4738507769578196,252.9,9.35,3.95,2.4,4
STU0322,24,F,Engineering,2023,2.29,1,0,0.8372093023255814,43,2.2760000000000002,15,0.43944445447795616,175.2,6.25,1.85,1.3,2
STU0323,18,F,Mathematics,2021,3.34,1,0,0.8372093023255814,43,3.399375,16,0.5026127568350541,236.45,9.8,3.75,2.35,3
STU0324,26,F,Engineering,2024,1.79,1,0,0.5813953488372093,43,1.8577777777777778,18,0.48842550826526554,126.15,5.05,2.15,1.65,2
STU0325,25,M,Mathematics,2023,2.0,1,0,0.5348837209302325,43,2.1355,20,0.407152822724627,145.2,6.05,1.7,1.3,3
STU0326,20,F,Computer Science,2024,3.75,1,0,0.8604651162790697,43,3.7941176470588234,17,0.3422911557345846,276.55,10.65,4.05,2.4,1
STU0327,28,M,Computer Science,2023,2.37,1,0,0.7674418604651163,43,2.295909090909091,22,0.4991007064225768,181.3,6.95,2.25,1.4,1
STU0328,22,M,Engineering,2023,3.63,1,0,0.7906976744186046,43,3.65375,16,0.4209493239492533,266.2,9.75,4.05,2.6,2
STU0329,19,M,Physics,2022,3.96,1,0,0.9767441860465116,43,3.7723529411764702,17,0.2955403824303183,289.5,10.9,3.85,2.35,4
STU0330,18,F,Mathematics,2024,2.4,1,0,0.7209302325581395,43,2.4444444444444446,18,0.5095467677227793,185.4,6.75,3.1,1.8,3
STU0331,27,M,Business,2022,3.71,1,0,0.8837209302325582,43,3.6485714285714286,21,0.3363374156154161,265.6,10.85,4.05,2.7,0
STU0332,25,F,Physics,2024,2.81,1,0,0.6046511627906976,43,2.574375,16,0.44449175095457816,209.65,8.6,3.2,2.05,4
STU0333,20,M,Engineering,2021,3.93,1,0,0.9767441860465116,43,3.8464285714285715,14,0.2422524793191263,298.4,11.25,3.95,1.95,2
STU0334,28,M,Business,2024,2.79,1,0,0.7441860465116279,43,2.860588235294118,17,0.5177290626891068,199.35,6.7,3.15,2.7,0
STU0335,20,M,Engineering,2022,2.58,1,0,0.5813953488372093,43,2.4971428571428573,14,0.4910025626038183,188.4,6.8,3.0,1.35,2
STU0336,22,M,Computer Science,2022,1.91,0,1,0.6744186046511628,43,1.7463157894736843,19,0.4091754653000455,140.8,4.8,2.0,1.3,1
STU0337,19,F,Physics,2023,2.13,1,0,0.627906976744186,43,2.13,16,0.4147931211258612,158.9,6.4,2.1,1.35,4
STU0338,27,M,Mathematics,2023,2.83,1,0,0.7674418604651163,43,2.8023809523809526,21,0.5453155486679685,223.1,8.25,2.8,2.65,3
STU0339,20,F,Engineering,2022,3.15,1,0,0.813953488372093,43,2.974705882352941,17,0.40357957156951746,247.9,9.15,2.85,2.3,2
STU0340,18,F,Engineering,2021,1.7,1,0,0.5813953488372093,43,1.6460000000000001,15,0.4506630036481172,120.35,5.25,1.85,1.75,2
STU0341,27,F,Mathematics,2024,3.1,1,0,0.813953488372093,43,2.9094117647058826,17,0.4610378318022733,223.15,8.55,2.95,2.8,3
STU0342,28,F,Engineering,2023,3.89,1,0,0.9302325581395349,43,3.7800000000000002,14,0.286060778910303,293.55,11.2,4.15,2.7,2
STU0343,22,M,Mathematics,2024,2.63,1,0,0.7441860465116279,43,2.7015000000000002,20,0.4235100819032342,218.75,7.25,2.85,1.4,3
STU0344,24,M,Mathematics,2024,2.71,1,0,0.6744186046511628,43,2.9015,20,0.3133566154097479,191.55,7.5,3.0,2.45,3
STU0345,23,F,Physics,2022,3.65,1,0,0.9302325581395349,43,3.571111111111111,18,0.433248860544836,270.3,9.85,3.95,2.2,4
STU0346,20,M,Physics,2024,3.4,1,0,0.9069767441860465,43,3.3294117647058825,17,0.4573083012071191,255.1,10.25,4.4,2.55,4
STU0347,25,M,Physics,2022,1.81,0,1,0.6976744186046512,43,1.6456250000000001,16,0.46376673375020466,125.6,5.7,2.0,1.35,4
STU0348,22,F,Computer Science,2021,3.86,1,0,0.8604651162790697,43,3.7252941176470586,17,0.34018593531807767,291.2,11.6,3.6,2.6,1
STU0349,23,F,Mathematics,2022,3.83,1,0,0.9302325581395349,43,3.701875,16,0.3384320463549516,272.85,10.3,4.1,2.45,3
STU0350,25,F,Mathematics,2022,3.99,1,0,0.9302325581395349,43,3.7405555555555554,18,0.2893292897521726,307.1,11.4,4.0,2.15,3
STU0351,25,F,Business,2023,1.56,1,0,0.7441860465116279,43,1.426875,16,0.46529873916298836,118.65,4.25,1.15,1.45,0
STU0352,27,M,Mathematics,2022,2.38,1,0,0.7441860465116279,43,2.393809523809524,21,0.5233591137113807,188.8,6.7,1.95,1.6,3
STU0353,27,F,Physics,2024,3.71,1,0,0.8837209302325582,43,3.661764705882353,17,0.35986517082995206,268.4,11.4,4.3,2.45,4
STU0354,19,F,Physics,2021,2.58,1,0,0.7441860465116279,43,2.5475,16,0.5159780357082394,214.15,6.3,2.8,1.2,4
STU0355,23,M,Physics,2024,1.61,0,1,0.6511627906976745,43,1.6513333333333333,15,0.4933539249241819,122.0,4.55,2.05,1.6,4
STU0356,19,F,Physics,2023,2.47,1,0,0.7209302325581395,43,2.5011764705882356,17,0.4931009322763088,177.0,7.45,3.2,1.7,4
STU0357,27,M,Engineering,2023,3.2,1,0,0.813953488372093,43,3.068,15,0.5184757881108267,248.7,8.6,4.0,2.35,2
STU0358,24,F,Mathematics,2021,2.43,1,0,0.6744186046511628,43,2.3205263157894738,19,0.3801969326577204,187.6,7.2,3.4,1.8,3
STU0359,20,F,Engineering,2023,2.0,1,0,0.6744186046511628,43,1.9326666666666668,15,0.4941004332068918,149.85,5.9,2.2,1.8,2
STU0360,18,F,Engineering,2021,1.6,1,0,0.6976744186046512,43,1.7047058823529413,17,0.5886862242215587,118.85,4.25,2.7,1.1,2
STU0361,20,M,Engineering,2024,3.02,1,0,0.7906976744186046,43,3.163125,16,0.47010238246577746,222.7,9.1,3.0,2.6,2
STU0362,20,F,Physics,2023,2.48,1,0,0.7441860465116279,43,2.364117647058823,17,0.5766179283495422,180.85,7.25,3.0,1.35,4
STU0363,26,F,Engineering,2023,3.57,1,0,0.9069767441860465,43,3.490625,16,0.40856609012496375,264.9,9.8,4.2,3.2,2
STU0364,25,F,Engineering,2023,3.54,1,0,0.8372093023255814,43,3.4425,16,0.49702447961175245,257.8,10.8,3.7,2.75,2
STU0365,24,M,Physics,2021,2.96,1,0,0.7906976744186046,43,2.96,18,0.45979535089633344,222.85,8.3,3.25,2.3,4
STU0366,22,M,Engineering,2024,3.92,1,0,0.9302325581395349,43,3.75,16,0.31157663583779843,296.7,11.2,4.05,2.25,2
STU0367,20,F,Computer Science,2024,2.81,1,0,0.813953488372093,43,2.9373333333333336,15,0.5324266101897004,195.1,8.2,3.15,2.55,1
STU0368,18,M,Mathematics,2022,2.93,1,0,0.813953488372093,43,2.9357142857142855,21,0.4730705172442204,213.55,7.25,3.05,2.8,3
STU0369,25,M,Mathematics,2021,2.28,1,0,0.7441860465116279,43,2.196111111111111,18,0.49208008541040993,169.75,6.55,1.85,1.1,3
STU0370,24,F,Business,2022,2.75,1,0,0.8372093023255814,43,2.8563157894736846,19,0.4894011139059633,210.75,8.05,2.65,2.5,0
STU0371,26,F,Computer Science,2022,2.02,1,0,0.6744186046511628,43,2.100526315789474,19,0.48073408778439536,161.95,5.7,2.0,1.85,1
STU0372,23,F,Business,2024,3.89,1,0,0.8837209302325582,43,3.892352941176471,17,0.18998451949319128,295.25,11.25,4.0,2.4,0
STU0373,26,F,Engineering,2023,2.39,1,0,0.6744186046511628,43,2.394705882352941,17,0.5020472792359653,166.3,6.9,1.6,1.15,2
STU0374,21,F,Engineering,2024,3.89,1,0,0.9069767441860465,43,3.80125,16,0.2963078354234551,297.25,11.1,4.0,2.4,2
STU0375,21,F,Engineering,2023,3.85,1,0,0.8837209302325582,43,3.671764705882353,17,0.34331536693901515,300.35,11.0,3.9,2.25,2
STU0376,25,F,Physics,2022,2.29,1,0,0.6976744186046512,43,1.9286666666666668,15,0.4330599870467743,165.8,5.75,2.0,1.7,4
STU0377,22,F,Engineering,2023,1.8,1,0,0.5813953488372093,43,1.7280000000000002,15,0.38991207800147526,152.75,5.5,2.05,1.75,2
STU0378,20,F,Business,2023,2.23,1,0,0.813953488372093,43,2.236111111111111,18,0.4374140438436265,173.75,6.8,1.75,1.35,0
STU0379,25,F,Computer Science,2023,3.14,1,0,0.8604651162790697,43,3.1655555555555557,18,0.40051763891864656,230.0,8.55,2.85,2.45,1
STU0380,26,F,Mathematics,2022,2.18,1,0,0.7209302325581395,43,2.2105882352941175,17,0.44031906880458993,156.75,5.25,1.95,1.65,3
STU0381,27,M,Mathematics,2021,3.35,1,0,0.8837209302325582,43,3.316111111111111,18,0.5350441310978211,245.35,10.75,3.9,2.6,3
STU0382,28,M,Mathematics,2021,3.76,1,0,0.8604651162790697,43,3.785555555555556,18,0.30023955577117617,262.3,10.5,4.05,2.35,3
STU0383,19,F,Mathematics,2021,2.53,1,0,0.7674418604651163,43,2.681578947368421,19,0.47800817238358706,173.45,6.65,3.2,1.65,3
STU0384,18,M,Computer Science,2022,3.91,1,0,0.9534883720930233,43,3.6670588235294117,17,0.3297492362743687,288.05,10.7,3.75,2.85,1
STU0385,25,F,Business,2024,3.13,1,0,0.813953488372093,43,3.2920000000000003,15,0.44660944907155753,244.1,9.25,3.3,2.35,0
STU0386,28,M,Physics,2023,1.65,1,0,0.627906976744186,43,1.75125,16,0.43822178555308433,123.55,4.6,2.1,1.4,4
STU0387,20,M,Engineering,2021,2.54,1,0,0.813953488372093,43,2.3725,16,0.38568553684748585,185.45,6.95,3.05,1.7,2
STU0388,25,F,Computer Science,2024,1.97,1,0,0.6976744186046512,43,1.8573684210526316,19,0.49944237911743083,154.65,4.75,2.05,1.0,1
STU0389,22,M,Computer Science,2021,2.92,1,0,0.8372093023255814,43,2.6366666666666667,18,0.46574418628558695,224.45,8.35,2.95,2.2,1
STU0390,25,F,Physics,2023,3.97,1,0,0.8837209302325582,43,3.784,15,0.29256989396918964,301.85,10.85,3.75,2.6,4
STU0391,22,M,Mathematics,2024,1.98,0,1,0.6046511627906976,43,1.8358823529411765,17,0.4417445362357271,138.95,4.9,2.0,1.45,3
STU0392,20,F,Business,2023,1.54,0,1,0.6046511627906976,43,1.4257142857142857,14,0.42986069811070166,114.45,3.9,0.75,1.85,0
STU0393,20,F,Engineering,2022,3.03,1,0,0.813953488372093,43,3.066470588235294,17,0.5111988504543827,225.35,9.05,2.7,2.45,2
STU0394,19,M,Business,2023,2.5,1,0,0.7674418604651163,43,2.589375,16,0.3975335415617991,176.2,7.2,3.0,1.05,0
STU0395,25,M,Mathematics,2022,2.31,1,0,0.6046511627906976,43,2.2414285714285715,21,0.506678258012772,174.45,5.85,2.3,1.35,3
STU0396,24,F,Computer Science,2023,2.09,1,0,0.6511627906976745,43,1.8494736842105264,19,0.36994704852647536,154.15,5.65,1.95,1.25,1
STU0397,27,M,Physics,2023,3.31,1,0,0.813953488372093,43,3.123529411764706,17,0.4271846962449407,250.05,8.8,4.15,2.1,4
STU0398,21,F,Physics,2023,1.66,0,1,0.5348837209302325,43,1.535,16,0.537649204097492,128.1,3.6,1.9,1.5,4
STU0399,28,F,Mathematics,2024,2.76,1,0,0.7674418604651163,43,2.90375,16,0.46745944565634073,214.8,8.0,3.05,2.8,3
STU0400,23,M,Computer Science,2023,3.04,1,0,0.813953488372093,43,2.9825,20,0.4808202968830838,226.4,8.65,2.75,2.7,1
STU0401,20,F,Mathematics,2024,2.64,1,0,0.813953488372093,43,2.6826315789473685,19,0.5236394232809778,202.35,6.45,3.45,1.45,3
STU0402,26,M,Business,2024,3.5,1,0,0.9069767441860465,43,3.4988235294117644,17,0.408088261791202,251.5,10.05,4.0,2.45,0
STU0403,26,F,Mathematics,2021,2.62,1,0,0.7674418604651163,43,2.6866666666666665,18,0.4642387823726314,201.95,7.05,2.9,1.45,3
STU0404,18,M,Computer Science,2021,3.57,1,0,0.8837209302325582,43,3.548421052631579,19,0.4301454942212348,259.15,9.9,4.25,2.95,1
STU0405,20,F,Engineering,2022,2.32,1,0,0.6744186046511628,43,2.333125,16,0.512974577017874,175.8,5.45,2.15,1.95,2
STU0406,27,F,Computer Science,2022,2.72,1,0,0.7674418604651163,43,2.805789473684211,19,0.4563175769068644,190.8,8.15,2.65,2.5,1
STU0407,20,F,Computer Science,2024,2.78,1,0,0.7674418604651163,43,2.670625,16,0.4367679589896675,195.6,8.15,2.7,2.35,1
STU0408,26,F,Engineering,2021,2.66,1,0,0.6744186046511628,43,2.8041176470588236,17,0.5359461123043227,197.2,7.3,3.15,1.45,2
STU0409,22,M,Computer Science,2024,3.54,1,0,0.8604651162790697,43,3.6272222222222226,18,0.4341293593545532,268.95,10.0,3.85,2.45,1
STU0410,18,M,Engineering,2021,2.56,1,0,0.7906976744186046,43,2.6866666666666665,15,0.4066705698485598,190.9,7.4,3.05,1.15,2
STU0411,19,F,Engineering,2021,3.97,1,0,0.8604651162790697,43,3.742857142857143,14,0.2666726189811876,294.85,11.4,4.2,2.5,2
STU0412,24,F,Computer Science,2023,1.95,0,1,0.627906976744186,43,1.7464705882352942,17,0.41871740435033544,141.9,5.2,1.9,1.35,1
STU0413,25,F,Physics,2024,3.67,1,0,0.9302325581395349,43,3.5042857142857144,14,0.3984530526484081,271.2,11.9,3.8,2.65,4
STU0414,28,M,Business,2021,3.91,1,0,0.8837209302325582,43,3.808333333333333,18,0.2625049019150153,289.3,10.65,3.95,2.4,0
STU0415,20,F,Physics,2021,3.98,1,0,0.9302325581395349,43,3.764705882352941,17,0.2834413000750512,289.7,11.35,3.85,2.6,4
STU0416,21,M,Engineering,2022,3.59,1,0,0.8837209302325582,43,3.5505555555555555,18,0.40138689304522235,268.05,10.2,4.0,2.35,2
STU0417,28,F,Physics,2024,3.3,1,0,0.813953488372093,43,3.3049999999999997,16,0.36449051199356797,247.1,8.85,3.85,2.5,4
STU0418,21,F,Engineering,2024,2.12,1,0,0.7209302325581395,43,2.0525,16,0.5433905900301671,176.9,7.05,2.15,1.65,2
STU0419,21,M,Mathematics,2023,3.84,1,0,0.9534883720930233,43,3.554761904761905,21,0.3302971245351532,272.0,11.9,3.85,2.25,3
STU0420,27,M,Computer Science,2024,3.42,1,0,0.7674418604651163,43,3.294285714285714,14,0.337928401285841,250.0,10.4,3.9,2.85,1
STU0421,19,M,Mathematics,2022,1.75,0,1,0.627906976744186,43,1.7033333333333334,18,0.44569839445922343,127.1,5.05,1.65,1.55,3
STU0422,24,M,Mathematics,2021,2.6,1,0,0.7906976744186046,43,2.6079999999999997,15,0.4593038210161113,189.65,8.1,3.1,1.85,3
STU0423,26,M,Computer Science,2022,3.98,1,0,0.9302325581395349,43,3.748235294117647,17,0.3085497385778679,291.9,11.15,3.95,2.05,1
STU0424,27,F,Engineering,2023,2.99,1,0,0.8604651162790697,43,3.033529411764706,17,0.5227324982301007,215.5,7.4,3.15,3.0,2
STU0425,20,M,Mathematics,2023,3.96,1,0,0.9767441860465116,43,3.8680000000000003,15,0.2089497547258671,294.7,11.2,4.05,2.5,3
STU0426,22,M,Business,2023,1.65,1,0,0.627906976744186,43,1.6650000000000003,14,0.46910307215759345,121.65,3.95,2.15,1.65,0
STU0427,18,F,Business,2024,3.93,1,0,0.9302325581395349,43,3.708888888888889,18,0.3119745255227795,290.75,10.6,4.05,2.35,0
STU0428,24,F,Engineering,2023,2.52,1,0,0.7441860465116279,43,2.379375,16,0.3959371793605647,188.75,6.65,2.9,1.85,2
STU0429,26,M,Business,2022,2.68,1,0,0.7209302325581395,43,2.8123529411764707,17,0.40702471380379207,192.6,7.85,2.95,2.7,0
STU0430,25,F,Physics,2022,3.79,1,0,0.9302325581395349,43,3.6775,16,0.3327160951922823,281.2,10.3,3.75,2.45,4
STU0431,24,M,Business,2022,2.11,1,0,0.7441860465116279,43,1.996470588235294,17,0.5289369194014372,155.65,4.9,2.1,1.4,0
STU0432,25,M,Physics,2021,3.62,1,0,0.8604651162790697,43,3.651111111111111,18,0.37321952046686463,272.2,9.7,4.15,2.4,4
STU0433,18,M,Engineering,2022,2.17,1,0,0.7209302325581395,43,2.1237500000000002,16,0.42687820276982985,161.1,5.65,1.85,1.55,2
STU0434,27,M,Computer Science,2022,3.31,1,0,0.7674418604651163,43,3.4884999999999997,20,0.41828314509872877,245.1,9.2,4.0,1.9,1
STU0435,23,M,Business,2022,2.26,1,0,0.7441860465116279,43,2.185238095238095,21,0.44410155423753067,174.95,5.85,2.05,1.35,0
STU0436,19,F,Mathematics,2022,3.37,1,0,0.7209302325581395,43,3.4604761904761907,21,0.4716298992904944,259.45,10.0,3.9,2.1,3
STU0437,24,F,Mathematics,2022,3.79,1,0,0.9069767441860465,43,3.7310526315789474,19,0.337719389382535,293.8,11.95,3.7,2.0,3
STU0438,25,F,Physics,2024,2.83,1,0,0.6511627906976745,43,2.7923529411764707,17,0.3138377250221184,209.6,8.0,3.1,2.35,4
STU0439,23,F,Physics,2023,2.78,1,0,0.6976744186046512,43,2.881333333333333,15,0.37412501093822076,223.05,7.45,3.1,2.6,4
STU0440,25,F,Business,2021,3.4,1,0,0.8837209302325582,43,3.368823529411765,17,0.448147330028602,252.2,9.2,4.45,2.4,0
STU0441,23,M,Mathematics,2023,2.53,1,0,0.7674418604651163,43,2.4405263157894734,19,0.5226160018408516,195.35,7.0,3.35,1.65,3
STU0442,22,F,Mathematics,2021,2.88,1,0,0.8372093023255814,43,2.970625,16,0.5068131641278996,227.0,7.55,2.85,2.65,3
STU0443,21,F,Physics,2022,2.32,1,0,0.8604651162790697,43,2.301176470588235,17,0.47242568665533496,183.7,6.45,2.2,2.0,4
STU0444,25,F,Engineering,2022,2.88,1,0,0.6976744186046512,43,2.7893333333333334,15,0.5325339246962404,213.8,8.8,2.8,2.55,2
STU0445,28,F,Physics,2024,3.35,1,0,0.8604651162790697,43,3.456470588235294,17,0.3965466740572695,254.0,10.15,3.85,2.45,4
STU0446,20,M,Mathematics,2023,1.85,0,1,0.6976744186046512,43,1.6075,16,0.44106688835141544,132.7,5.9,2.05,1.65,3
STU0447,26,M,Engineering,2021,1.58,1,0,0.5581395348837209,43,1.724375,16,0.47813483105361265,104.9,3.75,1.35,1.75,2
STU0448,20,M,Computer Science,2024,3.61,1,0,0.813953488372093,43,3.572222222222222,18,0.4306022534237307,269.35,9.4,4.05,2.9,1
STU0449,18,F,Computer Science,2022,2.05,1,0,0.5116279069767442,43,1.8727777777777779,18,0.5271990979591002,153.7,5.9,2.05,1.45,1
STU0450,27,F,Physics,2021,3.09,1,0,0.6976744186046512,43,3.0453333333333332,15,0.40837424479210704,226.7,9.65,3.3,2.5,4
STU0451,18,F,Business,2021,2.83,1,0,0.7674418604651163,43,2.9506666666666663,15,0.45266617574838386,197.8,8.45,3.2,2.25,0
STU0452,26,F,Computer Science,2021,3.31,1,0,0.8837209302325582,43,3.006,15,0.3559855534789499,239.25,9.05,3.9,2.7,1
STU0453,20,M,Computer Science,2024,1.77,0,1,0.813953488372093,43,1.73,20,0.44065740362374606,125.75,5.5,1.9,1.6,1
STU0454,27,F,Mathematics,2022,2.82,1,0,0.6744186046511628,43,2.9655555555555555,18,0.41018248768397503,204.35,8.1,3.2,2.3,3
STU0455,19,F,Physics,2024,2.43,1,0,0.7441860465116279,43,2.23,17,0.4598641103630506,190.45,7.6,3.35,1.25,4
STU0456,21,M,Business,2022,2.25,1,0,0.6744186046511628,43,2.3536363636363635,22,0.4402331141624796,169.95,6.3,1.95,1.9,0
STU0457,24,F,Computer Science,2021,2.45,1,0,0.7906976744186046,43,2.222142857142857,14,0.4742310143221919,186.65,6.5,2.9,1.6,1
STU0458,20,F,Computer Science,2021,1.71,1,0,0.6976744186046512,43,1.926842105263158,19,0.4642443397797585,109.6,5.3,2.25,1.45,1
STU0459,26,M,Engineering,2021,3.8,1,0,0.9534883720930233,43,3.6973333333333334,15,0.30734965352804544,284.4,11.35,4.15,2.5,2
STU0460,22,F,Mathematics,2024,1.62,0,1,0.6046511627906976,43,1.73375,16,0.4612139778165156,119.2,3.45,2.0,1.9,3
STU0461,20,F,Engineering,2021,3.82,1,0,0.8604651162790697,43,3.6373333333333333,15,0.3377121907919875,282.0,11.3,4.0,2.0,2
STU0462,27,F,Computer Science,2022,1.86,1,0,0.6046511627906976,43,1.7526666666666666,15,0.44653373999327406,141.45,4.9,1.95,1.55,1
STU0463,20,F,Computer Science,2023,2.91,1,0,0.8837209302325582,43,2.930769230769231,13,0.45757442998310016,215.1,8.4,2.95,3.0,1
STU0464,24,M,Engineering,2023,3.39,1,0,0.813953488372093,43,3.45125,16,0.40982719935764794,257.95,10.3,4.35,2.5,2
STU0465,18,M,Computer Science,2023,1.74,0,1,0.5813953488372093,43,1.663529411764706,17,0.4664217669726428,126.3,3.9,2.0,0.9,1
STU0466,23,F,Physics,2024,1.57,0,1,0.6976744186046512,43,1.39,16,0.5082387890221157,125.2,4.1,1.15,1.45,4
STU0467,23,F,Business,2022,2.88,1,0,0.8372093023255814,43,2.7258823529411766,17,0.3774264634258144,208.75,8.5,2.85,2.2,0
STU0468,28,F,Business,2022,2.96,1,0,0.7906976744186046,43,3.017777777777778,18,0.42059559388416246,211.85,8.1,2.9,1.95,0
STU0469,21,M,Computer Science,2023,3.28,1,0,0.9069767441860465,43,3.4685,20,0.4834228289799184,243.45,7.9,4.3,2.0,1
STU0470,24,M,Physics,2022,3.28,1,0,0.813953488372093,43,3.381875,16,0.4878554259887519,239.45,9.3,3.9,2.2,4
STU0471,23,F,Business,2023,1.77,0,1,0.5813953488372093,43,1.972,20,0.3960542227630215,139.05,5.95,2.1,1.65,0
STU0472,22,F,Business,2023,1.76,0,1,0.6511627906976745,43,1.96875,16,0.44495505390994267,131.55,4.8,2.05,1.45,0
STU0473,19,M,Business,2024,1.57,0,1,0.6744186046511628,43,1.5578947368421054,19,0.539975091476639,120.6,4.25,1.0,1.4,0
STU0474,24,M,Engineering,2023,1.53,0,1,0.6744186046511628,43,1.7253846153846153,13,0.4593948081373904,109.9,4.4,0.9,1.35,2
STU0475,27,F,Engineering,2022,2.8,1,0,0.7441860465116279,43,2.5986666666666665,15,0.4748363126483945,198.5,7.95,2.9,1.95,2
STU0476,22,F,Mathematics,2022,2.25,1,0,0.813953488372093,43,2.336875,16,0.45404432602995926,156.95,5.35,2.1,1.3,3
STU0477,20,F,Mathematics,2021,2.59,1,0,0.8372093023255814,43,2.6435714285714282,14,0.44873509648030296,184.65,7.1,3.2,1.65,3
STU0478,19,M,Physics,2024,2.4,1,0,0.6511627906976745,43,2.330625,16,0.5528045917561347,182.6,6.9,3.0,1.25,4
STU0479,25,F,Business,2022,1.77,0,1,0.6976744186046512,43,1.7170588235294117,17,0.4648220722206825,132.15,4.9,2.0,1.4,0
STU0480,23,F,Physics,2024,2.6,1,0,0.627906976744186,43,2.5152941176470587,17,0.42815180787687357,200.85,7.5,3.25,1.6,4
STU0481,22,M,Engineering,2022,2.3,1,0,0.8372093023255814,43,2.3023529411764705,17,0.48159279235372576,170.65,5.5,2.1,1.35,2
STU0482,20,F,Business,2023,3.91,1,0,0.8372093023255814,43,3.7770588235294116,17,0.2808416970884655,295.95,11.7,4.0,2.5,0
STU0483,27,F,Physics,2024,3.45,1,0,0.813953488372093,43,3.4047058823529412,17,0.4499044016102034,250.1,9.5,4.0,2.65,4
STU0484,24,M,Business,2023,2.41,1,0,0.6976744186046512,43,2.436470588235294,17,0.4287910501699894,180.2,6.95,2.8,1.2,0
STU0485,28,M,Engineering,2022,3.42,1,0,0.7209302325581395,43,3.415,14,0.4710177197385384,254.5,9.55,3.95,2.1,2
STU0486,25,M,Business,2022,3.49,1,0,0.7441860465116279,43,3.367368421052632,19,0.4536376687433749,260.6,9.8,3.9,2.5,0
STU0487,20,M,Business,2024,3.08,1,0,0.813953488372093,43,2.82,22,0.41592123796516595,224.75,9.15,2.8,2.2,0
STU0488,24,M,Physics,2022,3.47,1,0,0.7209302325581395,43,3.54125,16,0.3954891486079823,272.45,10.5,4.2,2.25,4
STU0489,27,F,Business,2024,2.5,1,0,0.7441860465116279,43,2.6385714285714283,21,0.433166084940704,185.1,7.35,3.0,1.45,0
STU0490,23,M,Engineering,2021,3.25,1,0,0.8372093023255814,43,3.403888888888889,18,0.3767685963073337,235.8,8.65,4.05,2.55,2
STU0491,28,M,Computer Science,2022,3.16,1,0,0.8604651162790697,43,3.285263157894737,19,0.4531417293745797,233.85,9.45,3.05,2.3,1
STU0492,27,F,Engineering,2021,3.96,1,0,0.9069767441860465,43,3.7633333333333336,15,0.25124452138068504,302.7,10.85,4.1,2.2,2
STU0493,19,M,Physics,2024,1.53,0,1,0.6744186046511628,43,1.6005882352941176,17,0.4942604398016709,109.6,4.2,1.2,1.1,4
STU0494,24,M,Business,2023,2.66,1,0,0.7906976744186046,43,2.67,15,0.4391875616245459,205.9,7.55,2.9,1.5,0
STU0495,25,M,Physics,2021,1.76,0,1,0.7441860465116279,43,1.6576470588235295,17,0.5013547822122164,148.45,4.9,2.2,1.7,4
STU0496,23,F,Computer Science,2022,2.28,1,0,0.6046511627906976,43,2.46,15,0.3945340832642256,173.1,5.15,2.05,1.25,1
STU0497,23,F,Mathematics,2024,2.69,1,0,0.8372093023255814,43,2.765,18,0.41167162813553804,201.6,7.65,2.95,2.45,3
STU0498,19,M,Business,2023,2.25,1,0,0.5813953488372093,43,2.4433333333333334,15,0.5124404727334075,167.5,6.8,2.0,1.25,0
STU0499,28,M,Computer Science,2023,1.77,1,0,0.6976744186046512,43,1.6788235294117646,17,0.4323176256084925,119.4,4.6,1.65,1.3,1
STU0500,26,F,Engineering,2022,1.9,0,1,0.6046511627906976,43,1.8357142857142856,14,0.511434096599782,145.9,4.4,1.9,1.8,2
